customer_segment,avg_order_amount
Consumer,183.5673165424611
Home Office,181.82443093988417
Corporate,183.0778058143342